Customer,Клиент
Customers,Клиенты
Customer Name,Имя клиента
Customer Type,Тип клиента
Customer Group,Группа клиентов
Add Customer,Добавить клиента
New Customer,Новый клиент
Mandant Documents,Документы
Client,Клиент
Accounting,Бухгалтерия
All,Все
All sources,Все источники
"Search files, mail subjects, or addresses",Поиск по файлам; темам писем и адресам
File format,Формат файла
Date from,Дата с
Date to,Дата по
Accounting period,Бухгалтерский период
Sort order,Сортировка
Newest first,Сначала новые
Oldest first,Сначала старые
Refresh,Обновить
Reset filters,Сбросить фильтры
Email,Электронная почта
Received,Входящие
Sent,Исходящие
Incoming email,Входящие письма
Select loaded files,Выбрать загруженные файлы
Selected: {0},Выбрано: {0}
Known total size: {0},Известный общий размер: {0}
Download ZIP,Скачать ZIP
File,Файл
Date,Дата
Source,Источник
Context,Контекст
Size,Размер
Actions,Действия
Open,Открыть
Download,Скачать
Open source,Открыть источник
{0} more,Ещё: {0}
Show less,Свернуть
Showing {0} loaded files,Загружено файлов: {0}
Load more,Загрузить ещё
Loading documents…,Загрузка документов…
Loading more documents…,Загрузка следующих документов…
Preparing ZIP download…,Подготовка ZIP-архива…
No documents are available for this client.,Для этого клиента нет доступных документов.
No documents match these filters.,Документы по заданным фильтрам не найдены.
Could not load documents. Please try again.,Не удалось загрузить документы. Попробуйте ещё раз.
Save this client before viewing documents.,"Сохраните клиента, чтобы просмотреть документы."
Task,Задача
Question,Уточнение
Email date for email attachments; otherwise the file upload date. This is not an accounting document date.,Для вложения письма указана дата письма; для остальных файлов — дата загрузки. Это не дата бухгалтерского документа.
Choose at least one local file.,Выберите хотя бы один локальный файл.
ZIP supports up to 100 local files and 100 MiB.,В ZIP можно включить до 100 локальных файлов общим размером до 100 МиБ.
PDF,PDF
Images,Изображения
Spreadsheets,Таблицы
Text documents,Текстовые документы
XML,XML
Archives,Архивы
Other,Прочее
No extension,Без расширения
Select {0},Выбрать {0}
Document filters must be valid JSON,Фильтры документов должны быть корректным JSON
Document filters must be an object,Фильтры документов должны быть объектом
Unknown document filter: {0},Неизвестный фильтр документов: {0}
Invalid value for document filter {0},Недопустимое значение фильтра документов {0}
Email direction can only be filtered for email documents,Направление можно выбирать только для документов электронной почты
Document search can contain at most {0} characters,Поисковый запрос может содержать не более {0} символов
Document dates must use YYYY-MM-DD format,Дата должна быть в формате YYYY-MM-DD
Start date must not be after end date,Начальная дата не может быть позже конечной
Mandant is required,Нужно указать клиента
Page length must be between 1 and {0},Размер страницы должен быть от 1 до {0}
The selected accounting package is not available for this client,Выбранный бухгалтерский пакет недоступен для этого клиента
Please log in to view client documents,"Войдите, чтобы просмотреть документы клиента"
Please log in to download client documents,"Войдите, чтобы скачать документы клиента"
Client is required,Нужно указать клиента
This document list changed. Refresh it and try again.,Список документов изменился. Обновите его и повторите попытку.
Document is no longer available,Документ больше недоступен
This document cannot be downloaded,Этот документ нельзя скачать
Invalid download disposition,Недопустимый режим скачивания
File IDs must be a valid JSON array,ID файлов должны быть корректным JSON-массивом
Choose between 1 and {0} local files,Выберите от 1 до {0} локальных файлов
The selected files exceed the 100 MiB ZIP limit,Выбранные файлы превышают ограничение ZIP в 100 МиБ
The File URL you've entered is incorrect,Указан неверный URL файла
Preparation Workflow,Подготовка периода
Preparation Stage,Этап подготовки
Historical Preparation Stage,Прежний этап подготовки
Preparation stage was not recorded before workflow rollout.,До появления этого процесса этап подготовки не фиксировался.
Collection,Сбор документов
Review,Проверка
Clarification,Уточнения
Ready,Готово к передаче
Transfer,Передача
Receipt Confirmed,Прием подтвержден
Waiting for Mandant,Ожидаем клиента
Waiting Reason,Причина ожидания
Blocking Reason,Причина блокировки
Next Action,Следующее действие
Next Action Assignee,Исполнитель следующего действия
Next Action Task,Задача следующего действия
Workflow History,История подготовки
Event,Событие
From Stage,Предыдущий этап
To Stage,Новый этап
Previously Waiting,Ранее ожидали клиента
Previous Waiting Reason,Предыдущая причина ожидания
Previous Blocking Reason,Предыдущая причина блокировки
Previous Next Action,Предыдущее следующее действие
Previous Assignee,Предыдущий исполнитель
Previous Task,Предыдущая задача
Stage Changed,Этап изменен
Waiting Changed,Состояние ожидания изменено
Work Context Changed,Рабочий контекст изменен
Change Preparation Stage,Изменить этап подготовки
Change Stage,Изменить этап
Update Workflow Context,Изменить рабочий контекст
Workflow,Рабочий процесс
Update,Обновить
Note,Примечание
Unknown preparation stage,Неизвестный этап подготовки
The preparation stage transition must change the stage,Нужно выбрать другой этап подготовки
Receipt confirmation is a terminal preparation stage,Подтверждение приема завершает этапы подготовки
The preparation stage transition is not allowed,Такой переход между этапами не разрешен
A reason is required when returning to an earlier stage,Для возврата к предыдущему этапу укажите причину
A waiting reason is required while waiting for Mandant,Укажите причину ожидания клиента
An open period needs a next action and an assignee,Для открытого периода укажите следующее действие и исполнителя
Waiting for Mandant must be enabled or disabled,"Укажите, ожидается ли ответ клиента"
Use the workflow actions to change preparation state,Меняйте этап подготовки через действия рабочего процесса
Workflow history is maintained by the system,История этапов заполняется автоматически
Closed work cannot change preparation stage,Этап закрытой работы нельзя изменить
Closed work cannot change its preparation context,Рабочий контекст закрытого периода нельзя изменить
Reload the record before changing workflow state,Перед изменением обновите запись
This record changed. Reload it before applying the workflow action,Запись изменилась. Обновите ее перед выполнением действия
A note is required to confirm receipt,Для подтверждения приема укажите примечание
Next action Task must belong to this FiBu work context,Задача следующего действия должна относиться к этому пакету бухгалтерского учёта
Next action Task must still be open,Задача следующего действия должна оставаться открытой
Tasks,Задачи
Timesheet,Учёт времени
Sales Invoice,Счёт на оплату
Work Schedule,Повторение
Payment Entry,Платёж
Add {0},Создать: {0}
{0} Calendar,Календарь: {0}
Work,Работа
First Due Date,Первая дата выполнения
Last Due Date,Последняя дата выполнения
Last Due Date cannot be before First Due Date,Последняя дата выполнения не может предшествовать первой
Item,Услуга
Items,Услуги
Item Name,Название услуги
Item Group,Группа услуг
Clear all filters,Очистить все фильтры
Begin typing for results.,Начните вводить текст для поиска.
Billing,Выставление счетов
Advanced,Дополнительно
Work Schedules,Повторения
New Work Schedule,Создать повторение
FiBu Package,Пакет бухгалтерского учёта
FiBu Packages,Пакеты бухгалтерского учёта
FiBu Supplement,Дополнение к пакету бухгалтерского учёта
FiBu Supplements,Дополнения к пакетам бухгалтерского учёта
FiBu Periods,Бухгалтерские периоды
New FiBu Package,Создать пакет бухгалтерского учёта
New Supplement,Создать дополнение
Accounting Period,Период бухгалтерского учёта
Period Type,Тип периода
Period Year,Год периода
Month or Quarter,Месяц или квартал
Period Start,Начало периода
Period End,Конец периода
Work Package,Пакет работ
Service,Услуга
Responsible,Ответственный
Deputy,Заместитель
Responsibility,Ответственность
Deadlines,Сроки
Documents Due,Срок предоставления документов
Internal Due,Внутренний срок
External Deadline,Внешний срок
External Deadline Source,Основание внешнего срока
Work Status,Статус работы
Closure Note,Примечание о закрытии
Closed By,Кем закрыто
Closed At,Дата закрытия
Open Supplements,Открытые дополнения
Tasks and Questions,Задачи и уточнения
Questions,Уточнения
New Task,Новая задача
New Question,Новое уточнение
No entries,Нет записей
Documents and Communications,Документы и переписка
Documents,Документы
Communications,Переписка
Source Communication,Исходное сообщение
Transfer History,История передачи
Transfer Date,Дата передачи
Transfer Note,Примечание о передаче
Evidence File,Файл-подтверждение
Evidence Communication,Сообщение в подтверждение
Recorded By,Автор записи
Recorded At,Время записи
Supplements,Дополнения
Supplement,Дополнение
Supplement Number,Номер дополнения
Reason,Причина
No supplements,Нет дополнений
Upload document,Загрузить документ
Close FiBu Package,Закрыть пакет бухгалтерского учёта
Close Supplement,Закрыть дополнение
Work Kind,Вид работы
Monthly,Ежемесячно
Quarterly,Ежеквартально
Yearly,Ежегодно
Kanzlei,Бухгалтерская фирма
Einstellungen,Настройки
Mandant,Клиент
Mandanten,Клиенты
FiBu-Perioden,Периоды бухучёта
Aufgaben,Задачи
Kalender,Календарь
Zeiterfassung,Учёт времени
E-Mail,Электронная почта
Leistungen,Услуги
Tätigkeiten,Виды работ
Wiederholungen,Повторения
Rechnungen,Счета
Zahlungen,Платежи
Steuerkonfiguration,Настройки налогов
Zahlungsbedingungen,Условия оплаты
Kontenplan,План счетов
Benutzer,Пользователи
Druckvorlagen,Шаблоны печати
Datenimport,Импорт данных
Zur Kanzlei,На главную
Data Sources,Источники данных
Source List Confirmed,Список источников подтверждён
Expected Data Sources,Ожидаемые источники данных
Source ID,Идентификатор источника
Category,Категория
Source Name,Источник
Valid From,Действует с
Valid Until,Действует до
Checklist not initialized,Чек-лист не инициализирован
No configured sources,Источники не настроены
Completeness Checklist,Комплектность периода
Checklist Initialized,Чек-лист инициализирован
Expected Sources,Ожидаемые источники
Source Evidence,Подтверждения источников
Checklist History,История чек-листа
Expected,Ожидается
Partially Received,Получено частично
Received in Full,Получено полностью
Reviewed,Проверено
Not Applicable,Не применяется
Incoming Invoices,Входящие счета
Outgoing Invoices,Исходящие счета
Bank Account,Банковский счёт
Card,Карта
Cash Register,Касса
Payment Service,Платёжный сервис
Marketplace,Маркетплейс
Contract,Договор
Assets,Активы
Expected From,Ожидается с
Expected Through,Ожидается по
Reason Not Applicable,Причина неприменимости
Evidence Type,Тип подтверждения
External URL,Внешняя ссылка
Covered From,Покрывает с
Covered Through,Покрывает по
Evidence Note,Примечание к подтверждению
Reason for Change,Причина изменения
Add Expected Source,Добавить ожидаемый источник
Add Source,Добавить источник
Update Checklist Source,Изменить источник в чек-листе
Add Evidence,Добавить подтверждение
Save Checklist Entry,Сохранить строку чек-листа
Select Sources Affected by this Supplement,Выберите источники для дополнения
Affected Sources,Затронутые источники
Initialize Checklist,Инициализировать чек-лист
Confirm source list,Подтвердить список источников
Save source changes before confirming the list,Сохраните изменения источников перед подтверждением списка
"I confirm this list is complete","Подтверждаю, что список полон"
Confirm,Подтвердить
Invalid accounting period,Некорректный учётный период
Unknown checklist status,Неизвестный статус чек-листа
Expected coverage dates are invalid,Некорректный ожидаемый период
Evidence coverage dates are invalid,Некорректный период подтверждения
Evidence dates must be within the expected period,Даты подтверждения должны находиться внутри ожидаемого периода
Evidence is required for received or reviewed sources,Для полученных и проверенных источников нужно подтверждение
Evidence must cover the expected period,Подтверждения должны покрывать весь ожидаемый период
"A reason is required for a source that is not applicable","Укажите причину, по которой источник не применяется"
A reason is required when changing a checklist status backward,Для возврата к предыдущему статусу нужна причина
A Mandant source identifier cannot be changed,Идентификатор источника клиента нельзя менять
Choose a valid source category,Выберите допустимую категорию источника
A source name is required,Укажите название источника
Source start date cannot be after its end date,Дата начала действия источника не может быть позже даты окончания
The selected service does not exist,Выбранная услуга не найдена
"A source can only be linked to a non-stock service","Источник можно связать только с услугой, не являющейся складским товаром"
Reload the record before changing the checklist,Перед изменением чек-листа обновите запись
This record changed. Reload it before updating the checklist,Запись изменилась. Обновите её перед изменением чек-листа
A closed accounting period checklist cannot be changed,Чек-лист закрытого периода нельзя изменить
A reason is required for checklist changes,Для изменений чек-листа нужна причина
The period checklist is initialized by the system,Чек-лист периода формируется системой
The period checklist is already initialized,Чек-лист периода уже инициализирован
Confirm the Mandant source list before initializing the period checklist,Перед инициализацией чек-листа подтвердите список источников клиента
The supplement checklist is already initialized,Чек-лист дополнения уже инициализирован
Choose sources from the original period checklist,Выберите источники из исходного чек-листа периода
Choose a valid evidence type,Выберите допустимый тип подтверждения
"Provide exactly one file, communication, or external URL","Укажите ровно одно: файл, сообщение или внешнюю ссылку"
Evidence links must be valid HTTP or HTTPS URLs,Ссылки подтверждения должны быть корректными адресами HTTP или HTTPS
Choose exactly one private evidence file,Выберите ровно один закрытый файл подтверждения
Checklist evidence files must be private,Файлы подтверждения чек-листа должны быть закрытыми
Evidence must belong to the same Mandant,Подтверждение должно относиться к тому же клиенту
Evidence must belong to the same accounting period,Подтверждение должно относиться к тому же учётному периоду
Evidence must belong to this supplement,Подтверждение должно относиться к этому дополнению
"Link the evidence file to this Mandant, period, supplement, or Communication","Свяжите файл подтверждения с этим клиентом, периодом, дополнением или сообщением"
Choose exactly one Communication as evidence,Выберите ровно одно сообщение в качестве подтверждения
"Evidence coverage dates are required","Укажите даты периода, который покрывает подтверждение"
Source details are invalid,Некорректные сведения об источнике
Choose a source category and enter its name,Выберите категорию и укажите название источника
This source is already in the checklist,Этот источник уже есть в чек-листе
Expected coverage dates are required,Укажите ожидаемые даты
Expected dates must be within the accounting period,Ожидаемые даты должны находиться внутри учётного периода
Checklist update is invalid,Некорректные данные изменения чек-листа
Checklist source was not found,Источник не найден в чек-листе
A checklist source identifier cannot be changed,Идентификатор источника в чек-листе нельзя изменить
Reload the Mandant before confirming its source list,Перед подтверждением списка обновите карточку клиента
This Mandant changed. Reload it before confirming its source list,Карточка клиента изменилась. Обновите её перед подтверждением списка
Complete every source before confirming the source list,Заполните каждый источник перед подтверждением списка
The supplement checklist is initialized by the system,Чек-лист дополнения формируется системой
Use checklist actions to change the period checklist,Для изменения чек-листа используйте его действия
Communication,Сообщение
The source list was confirmed as empty for this period,Для этого периода подтверждено отсутствие применимых источников
Use the source list confirmation action to confirm this list,Подтвердите список источников отдельным действием
Evidence must belong to the same Mandant and period,Подтверждение должно относиться к тому же клиенту и периоду
This period predates source tracking. The checklist will use the Mandant's currently confirmed source list,Источники для этого периода не фиксировались. Чек-лист будет сформирован по текущему подтверждённому списку клиента
I understand this uses the current source list,Подтверждаю использование текущего списка источников
"A source can only be linked to an active non-stock service","Источник можно связать только с активной услугой, не являющейся складским товаром"
"Checklist evidence must belong to the same Mandant","Подтверждение чек-листа должно относиться к тому же клиенту"
"Initialize the checklist before adding a source","Сначала инициализируйте чек-лист, затем добавляйте источник"
"Missing or partial","Не получено или получено частично"
"Received, awaiting review","Получено, ожидает проверки"
"No evidence","Нет подтверждения"
"No configured sources apply to this period","Для этого периода нет применимых настроенных источников"
"Initial source snapshot at package creation","Начальная копия источников при создании периода"
"This action captures the Mandant's currently confirmed source list. It cannot reconstruct which sources applied when the period began.","Это действие использует текущий подтверждённый список клиента. Оно не восстановит, какие источники действовали в начале периода."
Source Note,Примечание к источнику
Status,Статус
FiBu,FiBu
Create,Создать
View,Просмотр
"Category, service, and source note cannot be changed in a checklist","Категорию, услугу и примечание источника в снимке чек-листа нельзя изменить"
